[
    {
        "value": 28607,
        "synonyms": [
            28607
        ]
    },
    {
        "value": 28803,
        "synonyms": [
            28803
        ]
    },
    {
        "value": 28801,
        "synonyms": [
            28801
        ]
    },
    {
        "value": 28802,
        "synonyms": [
            28802
        ]
    },
    {
        "value": 28749,
        "synonyms": [
            28749
        ]
    },
    {
        "value": 28803,
        "synonyms": [
            28803
        ]
    },
    {
        "value": 28801,
        "synonyms": [
            28801
        ]
    },
    {
        "value": 28803,
        "synonyms": [
            28803
        ]
    },
    {
        "value": 28801,
        "synonyms": [
            28801
        ]
    },
    {
        "value": 45240,
        "synonyms": [
            45240
        ]
    }
]