[
    {
        "value": "X",
        "synonyms": [
            "a"
        ]
    },
    {
        "value": "Y",
        "synonyms": [
            "a"
        ]
    },
    {
        "value": "OBJECTID",
        "synonyms": [
            "a"
        ]
    },
    {
        "value": "IDPTOVENTA",
        "synonyms": [
            "a"
        ]
    },
    {
        "value": "Municipio",
        "synonyms": [
            "a"
        ]
    },
    {
        "value": "Provincia",
        "synonyms": [
            "a"
        ]
    },
    {
        "value": "Cdigo_Po",
        "synonyms": [
            "a"
        ]
    },
    {
        "value": "Direccin",
        "synonyms": [
            "a"
        ]
    },
    {
        "value": "Latitud",
        "synonyms": [
            "a"
        ]
    },
    {
        "value": "Longitud",
        "synonyms": [
            "a"
        ]
    }
]