[
    {
        "value": "CL SOLEDAD 8",
        "synonyms": [
            "CL SOLEDAD 8"
        ]
    },
    {
        "value": "CL RIO MANZANARES, 2",
        "synonyms": [
            "CL RIO MANZANARES, 2"
        ]
    },
    {
        "value": "CL MAYOR, 90",
        "synonyms": [
            "CL MAYOR, 90"
        ]
    },
    {
        "value": "AV REYES CATOLICOS, 42",
        "synonyms": [
            "AV REYES CATOLICOS, 42"
        ]
    },
    {
        "value": "CL NUEVA, 6",
        "synonyms": [
            "CL NUEVA, 6"
        ]
    },
    {
        "value": "CL ENTREPE?AS,S/N LOC-130",
        "synonyms": [
            "CL ENTREPE?AS,S/N LOC-130"
        ]
    },
    {
        "value": "CL TORRELAGUNA, 22 (KIOSCO)",
        "synonyms": [
            "CL TORRELAGUNA, 22 (KIOSCO)"
        ]
    },
    {
        "value": "CL SAN VIDAL, 30",
        "synonyms": [
            "CL SAN VIDAL, 30"
        ]
    },
    {
        "value": "CL CERVANTES, 1",
        "synonyms": [
            "CL CERVANTES, 1"
        ]
    },
    {
        "value": "CL CHARCAS, 6",
        "synonyms": [
            "CL CHARCAS, 6"
        ]
    }
]