[
    {
        "value": "FB_028A48",
        "synonyms": [
            "FB_028A48"
        ]
    },
    {
        "value": "FB_038DE9",
        "synonyms": [
            "FB_038DE9"
        ]
    },
    {
        "value": "FB_039322",
        "synonyms": [
            "FB_039322"
        ]
    },
    {
        "value": "FB_034C03",
        "synonyms": [
            "FB_034C03"
        ]
    },
    {
        "value": "FB_03974B",
        "synonyms": [
            "FB_03974B"
        ]
    },
    {
        "value": "FB_038B03",
        "synonyms": [
            "FB_038B03"
        ]
    },
    {
        "value": "FB_0356A6",
        "synonyms": [
            "FB_0356A6"
        ]
    },
    {
        "value": "FB_03674E",
        "synonyms": [
            "FB_03674E"
        ]
    },
    {
        "value": "FB_033EEE",
        "synonyms": [
            "FB_033EEE"
        ]
    },
    {
        "value": "FB_029B23",
        "synonyms": [
            "FB_029B23"
        ]
    }
]