[
    {
        "value": "\u00c3\u0081lamo, El",
        "synonyms": [
            "\u00c3\u0081lamo, El"
        ]
    },
    {
        "value": "Alcal\u00c3\u00a1 de Henares",
        "synonyms": [
            "Alcal\u00c3\u00a1 de Henares"
        ]
    },
    {
        "value": "Alcal\u00c3\u00a1 de Henares",
        "synonyms": [
            "Alcal\u00c3\u00a1 de Henares"
        ]
    },
    {
        "value": "Alcal\u00c3\u00a1 de Henares",
        "synonyms": [
            "Alcal\u00c3\u00a1 de Henares"
        ]
    },
    {
        "value": "Alameda del Valle",
        "synonyms": [
            "Alameda del Valle"
        ]
    },
    {
        "value": "Alcal\u00c3\u00a1 de Henares",
        "synonyms": [
            "Alcal\u00c3\u00a1 de Henares"
        ]
    },
    {
        "value": "Alcal\u00c3\u00a1 de Henares",
        "synonyms": [
            "Alcal\u00c3\u00a1 de Henares"
        ]
    },
    {
        "value": "Alcal\u00c3\u00a1 de Henares",
        "synonyms": [
            "Alcal\u00c3\u00a1 de Henares"
        ]
    },
    {
        "value": "Alcal\u00c3\u00a1 de Henares",
        "synonyms": [
            "Alcal\u00c3\u00a1 de Henares"
        ]
    },
    {
        "value": "Alameda de la Sagra",
        "synonyms": [
            "Alameda de la Sagra"
        ]
    }
]