[
  {
    "value": "farmacia_nro_soe",
    "synonyms": [
      "farmacia_nro_soe",
      "id"
    ]
  },
  {
    "value": "titular_nombre",
    "synonyms": [
      "titular_nombre",
      "nombre",
      "name",
      "titular",
      "propietario",
      "owner",
      "person",
      "persona",
      "person name",
      "nombre de persona"
    ]
  },
  {
    "value": "direccion_vial_tipo",
    "synonyms": [
      "direccion_vial_tipo",
      "calle",
      "street",
      "address"
    ]
  },
  {
    "value": "direccion_vial_nro",
    "synonyms": [
      "direccion_vial_nro",
      "numero",
      "num",
      "number"
    ]
  },
  {
    "value": "municipio_nombre",
    "synonyms": [
      "municipio_nombre",
      "municipio",
      "pueblo",
      "ciudad",
      "town",
      "city",
      "municipality"
    ]
  },
  {
    "value": "localizacion_coordenada_x",
    "synonyms": [
      "localizacion_coordenada_x",
      "x",
      "longitud",
      "longitude"
    ]
  },
  {
    "value": "localizacion_coordenada_y",
    "synonyms": [
      "localizacion_coordenada_y",
      "y",
      "latitud",
      "latitude"
    ]
  }
]