[
  {
    "value": "del Dos de Mayo",
    "synonyms": [
      "del Dos de Mayo"
    ]
  },
  {
    "value": "de Ríos Rosas",
    "synonyms": [
      "de Ríos Rosas"
    ]
  },
  {
    "value": "de Argensola",
    "synonyms": [
      "de Argensola"
    ]
  },
  {
    "value": "de Alcalá",
    "synonyms": [
      "de Alcalá"
    ]
  },
  {
    "value": "del Valle de Mena",
    "synonyms": [
      "del Valle de Mena"
    ]
  },
  {
    "value": "de López de Hoyos",
    "synonyms": [
      "de López de Hoyos"
    ]
  },
  {
    "value": "de Gutenberg",
    "synonyms": [
      "de Gutenberg"
    ]
  },
  {
    "value": "de Preciados",
    "synonyms": [
      "de Preciados"
    ]
  }
]