[
  {
    "value": "Montserrat Gimenez Mestre",
    "synonyms": [
      "Montserrat Gimenez Mestre"
    ]
  },
  {
    "value": "Justo Aquilino Corral Aragon",
    "synonyms": [
      "Justo Aquilino Corral Aragon"
    ]
  },
  {
    "value": "Irene Arroita Del Campo",
    "synonyms": [
      "Irene Arroita Del Campo"
    ]
  },
  {
    "value": "Esther Sansi Ponsico",
    "synonyms": [
      "Esther Sansi Ponsico"
    ]
  },
  {
    "value": "Pilar Velez De Mendoza",
    "synonyms": [
      "Pilar Velez De Mendoza"
    ]
  },
  {
    "value": "Manuel Baños Lopez",
    "synonyms": [
      "Manuel Baños Lopez"
    ]
  },
  {
    "value": "Ana Maria Garcia Sanchez",
    "synonyms": [
      "Ana Maria Garcia Sanchez"
    ]
  },
  {
    "value": "David Lagos Sanchez",
    "synonyms": [
      "David Lagos Sanchez"
    ]
  },
  {
    "value": "Maria Cruz Lamela Martinez",
    "synonyms": [
      "Maria Cruz Lamela Martinez"
    ]
  },
  {
    "value": "Rosario Jaroso Almodovar",
    "synonyms": [
      "Rosario Jaroso Almodovar"
    ]
  },
  {
    "value": "Mercedes Valdes Galera",
    "synonyms": [
      "Mercedes Valdes Galera"
    ]
  }
]