[
  {
    "id": "d728ed5e-6bfb-4a75-9fbb-c60743d206b4",
    "data": [
      {
        "text": "I want to see a graph of ",
        "userDefined": false
      },
      {
        "text": "this",
        "meta": "@columns_select",
        "alias": "columns_select",
        "userDefined": true
      }
    ],
    "isTemplate": false,
    "count": 0,
    "lang": "en",
    "updated": 0
  },
  {
    "id": "f010f518-b83a-42c0-a69e-5dad22b53956",
    "data": [
      {
        "text": "histogram of ",
        "userDefined": false
      },
      {
        "text": "this",
        "meta": "@columns_select",
        "alias": "columns_select",
        "userDefined": true
      }
    ],
    "isTemplate": false,
    "count": 0,
    "lang": "en",
    "updated": 0
  },
  {
    "id": "b19f01b4-2add-4048-811c-98b3e519b6b1",
    "data": [
      {
        "text": "view histogram of ",
        "userDefined": false
      },
      {
        "text": "this",
        "meta": "@columns_select",
        "alias": "columns_select",
        "userDefined": true
      }
    ],
    "isTemplate": false,
    "count": 0,
    "lang": "en",
    "updated": 0
  },
  {
    "id": "90ab7472-e828-4435-b795-4774d9f5f556",
    "data": [
      {
        "text": "histogram",
        "userDefined": false
      }
    ],
    "isTemplate": false,
    "count": 0,
    "lang": "en",
    "updated": 0
  },
  {
    "id": "df4fd18b-05cd-4665-9378-e345a3926d3f",
    "data": [
      {
        "text": "one",
        "meta": "@columns_select",
        "alias": "columns_select",
        "userDefined": true
      },
      {
        "text": " var graph",
        "userDefined": false
      }
    ],
    "isTemplate": false,
    "count": 0,
    "lang": "en",
    "updated": 0
  }
]