[
  {
    "id": "fda4f4a1-1726-4258-b03e-0c7b9e52d035",
    "data": [
      {
        "text": "graph with ",
        "userDefined": false
      },
      {
        "text": "2",
        "meta": "@sys.ignore",
        "userDefined": false
      },
      {
        "text": " variables ",
        "userDefined": false
      },
      {
        "text": "one",
        "meta": "@columns_select",
        "alias": "columns_select",
        "userDefined": true
      },
      {
        "text": " and ",
        "userDefined": false
      },
      {
        "text": "two",
        "meta": "@columns_select",
        "alias": "columns_select",
        "userDefined": true
      }
    ],
    "isTemplate": false,
    "count": 0,
    "lang": "en",
    "updated": 0
  },
  {
    "id": "93adb365-4cb5-442e-a9ce-d86615f729ee",
    "data": [
      {
        "text": "graph ",
        "userDefined": false
      },
      {
        "text": "one",
        "meta": "@columns_select",
        "alias": "columns_select",
        "userDefined": true
      },
      {
        "text": " and ",
        "userDefined": false
      },
      {
        "text": "two",
        "meta": "@columns_select",
        "alias": "columns_select",
        "userDefined": true
      }
    ],
    "isTemplate": false,
    "count": 0,
    "lang": "en",
    "updated": 0
  },
  {
    "id": "97dc9026-749e-4e9b-a482-8b7194ddaa54",
    "data": [
      {
        "text": "graph ",
        "userDefined": false
      },
      {
        "text": "one",
        "meta": "@columns_select",
        "alias": "columns_select",
        "userDefined": true
      },
      {
        "text": " vs ",
        "userDefined": false
      },
      {
        "text": "two",
        "meta": "@columns_select",
        "alias": "columns_select",
        "userDefined": true
      }
    ],
    "isTemplate": false,
    "count": 0,
    "lang": "en",
    "updated": 0
  },
  {
    "id": "a6ccb3d5-f675-4aed-acbb-69881777cc08",
    "data": [
      {
        "text": "graph ",
        "userDefined": false
      },
      {
        "text": "one",
        "meta": "@columns_select",
        "alias": "columns_select",
        "userDefined": true
      },
      {
        "text": ", ",
        "userDefined": false
      },
      {
        "text": "two",
        "meta": "@columns_select",
        "alias": "columns_select",
        "userDefined": true
      }
    ],
    "isTemplate": false,
    "count": 0,
    "lang": "en",
    "updated": 0
  }
]