[
  {
    "id": "47f16cf7-8468-48f7-8de3-14d4969a2687",
    "data": [
      {
        "text": "show ",
        "userDefined": false
      },
      {
        "text": "me on",
        "meta": "@sys.ignore",
        "userDefined": false
      },
      {
        "text": " map the pharmacy of ",
        "userDefined": false
      },
      {
        "text": "Mercedes Valdes Galera",
        "meta": "@titular_nombre",
        "alias": "fieldname",
        "userDefined": false
      }
    ],
    "isTemplate": false,
    "count": 0,
    "lang": "en",
    "updated": 0
  },
  {
    "id": "74ccde04-a011-4088-8e32-f03d9f3ec6bb",
    "data": [
      {
        "text": "I want ",
        "userDefined": false
      },
      {
        "text": "to know",
        "meta": "@sys.ignore",
        "userDefined": false
      },
      {
        "text": " where is ",
        "userDefined": false
      },
      {
        "text": "the",
        "meta": "@sys.ignore",
        "userDefined": false
      },
      {
        "text": " pharmacy of ",
        "userDefined": false
      },
      {
        "text": "Sandra Jimenez Guerra",
        "meta": "@titular_nombre",
        "alias": "fieldname",
        "userDefined": true
      }
    ],
    "isTemplate": false,
    "count": 0,
    "lang": "en",
    "updated": 0
  },
  {
    "id": "3b71472c-a081-44e5-b141-aa68ed399e5f",
    "data": [
      {
        "text": "show me on map ",
        "userDefined": false
      },
      {
        "text": "Montserrat Gimenez Mestre",
        "meta": "@titular_nombre",
        "alias": "fieldname",
        "userDefined": true
      }
    ],
    "isTemplate": false,
    "count": 0,
    "lang": "en",
    "updated": 0
  },
  {
    "id": "6c5d836f-730b-4a60-923d-c60800635ef5",
    "data": [
      {
        "text": "display ",
        "userDefined": false
      },
      {
        "text": "Justo Aquilino Corral Aragon",
        "meta": "@titular_nombre",
        "alias": "fieldname",
        "userDefined": true
      }
    ],
    "isTemplate": false,
    "count": 0,
    "lang": "en",
    "updated": 0
  },
  {
    "id": "3005880e-a633-41f9-b903-05e294010394",
    "data": [
      {
        "text": "display on map ",
        "userDefined": false
      },
      {
        "text": "Esther Sansi Ponsico",
        "meta": "@titular_nombre",
        "alias": "fieldname",
        "userDefined": true
      }
    ],
    "isTemplate": false,
    "count": 0,
    "lang": "en",
    "updated": 0
  },
  {
    "id": "960dd285-17d2-41eb-a232-745d75b98d52",
    "data": [
      {
        "text": "I want to know where is ",
        "userDefined": false
      },
      {
        "text": "Ana Maria Garcia Sanchez",
        "meta": "@titular_nombre",
        "alias": "fieldname",
        "userDefined": true
      }
    ],
    "isTemplate": false,
    "count": 0,
    "lang": "en",
    "updated": 0
  },
  {
    "id": "813fd932-fa81-427d-bced-54ed3652aee5",
    "data": [
      {
        "text": "I want a map of ",
        "userDefined": false
      },
      {
        "text": "Mercedes Valdes Galera",
        "meta": "@titular_nombre",
        "alias": "fieldname",
        "userDefined": true
      }
    ],
    "isTemplate": false,
    "count": 0,
    "lang": "en",
    "updated": 0
  },
  {
    "id": "ae68fe14-27de-42f0-97d9-4e9224c9d9f3",
    "data": [
      {
        "text": "Where is ",
        "userDefined": false
      },
      {
        "text": "Alejandro Jimenez Gamella",
        "meta": "@titular_nombre",
        "alias": "fieldname",
        "userDefined": true
      },
      {
        "text": "?",
        "userDefined": false
      }
    ],
    "isTemplate": false,
    "count": 0,
    "lang": "en",
    "updated": 0
  }
]