[
  {
    "id": "5102df84-bdf7-4afe-8e93-660b49882044",
    "data": [
      {
        "text": "The type is : ",
        "userDefined": false
      },
      {
        "text": "linesVs",
        "meta": "@complex_graph",
        "alias": "complex_graph",
        "userDefined": false
      }
    ],
    "isTemplate": false,
    "count": 0,
    "lang": "en",
    "updated": 0
  },
  {
    "id": "051d236b-2a67-4e81-899f-74c5651bf1b5",
    "data": [
      {
        "text": "type is ",
        "userDefined": false
      },
      {
        "text": "pointsSerie",
        "meta": "@complex_graph",
        "alias": "complex_graph",
        "userDefined": true
      }
    ],
    "isTemplate": false,
    "count": 0,
    "lang": "en",
    "updated": 0
  },
  {
    "id": "d7302999-fda6-4f38-a06d-a076cefe1de6",
    "data": [
      {
        "text": "the type is: ",
        "userDefined": false
      },
      {
        "text": "pointsVs",
        "meta": "@complex_graph",
        "alias": "complex_graph",
        "userDefined": false
      }
    ],
    "isTemplate": false,
    "count": 0,
    "lang": "en",
    "updated": 0
  },
  {
    "id": "5a65b45d-067c-4308-943d-37e6ce3f6ac2",
    "data": [
      {
        "text": "linesVs",
        "meta": "@complex_graph",
        "alias": "complex_graph",
        "userDefined": false
      }
    ],
    "isTemplate": false,
    "count": 0,
    "lang": "en",
    "updated": 0
  }
]