[
  {
    "id": "2eb7bdc4-dffc-47a2-b32e-5c7f33de4ce5",
    "data": [
      {
        "text": "The file ",
        "userDefined": false
      },
      {
        "text": "number",
        "meta": "@sys.ignore",
        "userDefined": false
      },
      {
        "text": " is: ",
        "userDefined": false
      },
      {
        "text": "201956284980",
        "meta": "@sys.number",
        "alias": "idFile",
        "userDefined": true
      }
    ],
    "isTemplate": false,
    "count": 0,
    "lang": "en",
    "updated": 0
  },
  {
    "id": "071c5368-09e7-4a9f-b45a-fbfabf08e5e3",
    "data": [
      {
        "text": "The file is ",
        "userDefined": false
      },
      {
        "text": "201956284543",
        "meta": "@sys.number",
        "alias": "idFile",
        "userDefined": true
      }
    ],
    "isTemplate": false,
    "count": 0,
    "lang": "en",
    "updated": 0
  },
  {
    "id": "51ddc6f4-1944-4ad3-a775-b52153d8cc4e",
    "data": [
      {
        "text": "file ",
        "userDefined": false
      },
      {
        "text": "201956284545",
        "meta": "@sys.number",
        "alias": "idFile",
        "userDefined": true
      }
    ],
    "isTemplate": false,
    "count": 0,
    "lang": "en",
    "updated": 0
  }
]