[
  {
    "id": "c9faf0b1-bdb7-4feb-b6d9-953a0a23b75a",
    "data": [
      {
        "text": "The image ",
        "userDefined": false
      },
      {
        "text": "id",
        "meta": "@sys.ignore",
        "userDefined": false
      },
      {
        "text": " is ",
        "userDefined": false
      },
      {
        "text": "987568572500",
        "meta": "@sys.number",
        "alias": "idImage",
        "userDefined": false
      }
    ],
    "isTemplate": false,
    "count": 0,
    "lang": "en",
    "updated": 0
  },
  {
    "id": "e7212ddf-3270-483d-a8fe-04797f83e694",
    "data": [
      {
        "text": "the image is ",
        "userDefined": false
      },
      {
        "text": "987568572556",
        "meta": "@sys.number",
        "alias": "idImage",
        "userDefined": false
      }
    ],
    "isTemplate": false,
    "count": 0,
    "lang": "en",
    "updated": 0
  },
  {
    "id": "8b22ac19-955c-42bd-ab19-4dfc55c1e424",
    "data": [
      {
        "text": "image ",
        "userDefined": false
      },
      {
        "text": "987568572545",
        "meta": "@sys.number",
        "alias": "idImage",
        "userDefined": true
      }
    ],
    "isTemplate": false,
    "count": 0,
    "lang": "en",
    "updated": 0
  }
]