[
  {
    "id": "f7cfbba0-03c7-4764-b735-e1ad71ef577a",
    "data": [
      {
        "text": "please, help",
        "userDefined": false
      }
    ],
    "isTemplate": false,
    "count": 0,
    "lang": "en",
    "updated": 0
  },
  {
    "id": "c24f0baf-df20-497b-b480-0e21c4cc08e5",
    "data": [
      {
        "text": "i don\u0027t know what to do",
        "userDefined": false
      }
    ],
    "isTemplate": false,
    "count": 0,
    "lang": "en",
    "updated": 0
  },
  {
    "id": "14121dfe-a136-4030-8fac-34dea41e4eda",
    "data": [
      {
        "text": "i need help",
        "userDefined": false
      }
    ],
    "isTemplate": false,
    "count": 0,
    "lang": "en",
    "updated": 0
  },
  {
    "id": "e2b1b381-13dd-471d-853d-81e730ad3c5d",
    "data": [
      {
        "text": "help",
        "userDefined": false
      }
    ],
    "isTemplate": false,
    "count": 0,
    "lang": "en",
    "updated": 0
  }
]