[
  {
    "id": "5d8f3cd5-7c2c-43cd-b9bc-89a4398b56d5",
    "data": [
      {
        "text": "histogram",
        "meta": "@simple_graph",
        "alias": "simple_graph",
        "userDefined": false
      }
    ],
    "isTemplate": false,
    "count": 0,
    "lang": "en",
    "updated": 0
  },
  {
    "id": "2180606a-3387-43a3-9c26-f17e9e5b4235",
    "data": [
      {
        "text": "The type is : ",
        "userDefined": false
      },
      {
        "text": "pie",
        "meta": "@simple_graph",
        "alias": "simple_graph",
        "userDefined": false
      }
    ],
    "isTemplate": false,
    "count": 0,
    "lang": "en",
    "updated": 0
  }
]